nerve, 11318
left, 9038
right, 9032
branch, 6735
segment, 3694
posterior, 3212
anterior, 3096
trunk, 2292
lateral, 2242
area, 2132
spinal, 2105
artery, 2080
cervical, 2069
brodmann, 1871
thoracic, 1861
part, 1763
root, 1762
medial, 1675
layer, 1528
nucleus, 1497
dorsal, 1453
muscle, 1437
cord, 1367
gyrus, 1343
superior, 1330
ramus, 1316
inferior, 1242
lumbar, 1188
gray, 1151
surface, 1136
matter, 1126
tendon, 1066
component, 952
third, 908
first, 903
cutaneous, 895
internal, 872
fourth, 865
second, 857
proper, 840
column, 823
body, 813
ligament, 802
fifth, 798
vein, 797
distal, 795
zone, 786
intercostal, 739
set, 726
proximal, 721
external, 710
lobe, 698
middle, 675
head, 661
region, 635
white, 626
tract, 614
ventral, 612
sacral, 599
sign, 590
bone, 570
median, 542
sixth, 540
wall, 539
toe, 535
meningeal, 504
rootlet, 494
communicating, 487
temporal, 484
joint, 469
frontal, 455
network, 453
seventh, 447
division, 446
eighth, 432
mater, 426
ganglion, 419
transverse, 417
articular, 417
node, 415
lymph, 415
dura, 414
plexus, 410
finger, 409
neural, 406
central, 394
granular, 375
pyramidal, 373
subdivision, 368
lymphatic, 366
radial, 362
digital, 350
occipital, 348
minor, 341
tube, 332
deep, 323
epiphysis, 320
peripheral, 319
ulnar, 310
interosseous, 310
